{
  "processed_rows": 89,
  "skipped_rows": 2,
  "rows_per_condition": {
    "A": 39,
    "B": 39,
    "C": 11
  },
  "progress_rate_mean": 0.10262172284644194,
  "progress_rate_stddev": 0.22817873708445374,
  "progress_rate_distribution": {
    "min": 0.0,
    "max": 1.0,
    "values": [
      0.0,
      0.0,
      0.0,
      0.0,
      0.2,
      0.0,
      0.0,
      0.0,
      0.2,
      0.5,
      0.0,
      0.0,
      0.0,
      0.0,
      0.2,
      0.0,
      0.25,
      0.0,
      1.0,
      0.4,
      0.2,
      0.4,
      0.0,
      0.0,
      0.75,
      0.2,
      0.0,
      0.0,
      0.3333333333333333,
      0.0,
      0.2,
      0.0,
      0.0,
      0.0,
      0.0,
      0.0,
      0.0,
      0.0,
      0.5,
      0.0,
      0.6,
      0.0,
      0.0,
      0.2,
      0.0,
      0.5,
      0.0,
      0.0,
      0.75,
      0.75,
      1.0,
      0.0,
      0.0,
      0.0,
      0.0,
      0.0,
      0.0,
      0.0,
      0.0,
      0.0,
      0.0,
      0.0,
      0.0,
      0.0,
      0.0,
      0.0,
      0.0,
      0.0,
      0.0,
      0.0,
      0.0,
      0.0,
      0.0,
      0.0,
      0.0,
      0.0,
      0.0,
      0.0,
      0.0,
      0.0,
      0.0,
      0.0,
      0.0,
      0.0,
      0.0,
      0.0,
      0.0,
      0.0,
      0.0
    ]
  },
  "error_distribution_a": {
    "ok": 11,
    "missing_step": 19,
    "extra_step": 1,
    "precondition_or_effect": 4,
    "hallucination": 11,
    "affordance": 1,
    "wrong_order": 1
  },
  "error_distribution_b": {
    "missing_step": 24,
    "extra_step": 12,
    "precondition_or_effect": 13,
    "affordance": 12,
    "ok": 198,
    "hallucination": 2
  },
  "error_distribution_c": {
    "ok": 286
  },
  "a_vs_c_separation_rate": 0.7708333333333334,
  "decision_criteria": {
    "progress_rate_mean_above_0_05": true,
    "progress_rate_stddev_above_0_03": true,
    "a_vs_c_separation_above_0_30": true
  },
  "total_cost_usd": 0.0,
  "total_cost_usd_including_prior": 2.4171599999999995,
  "dry_run": false
}
